CC;CC_Label
ABW;Alpine - Body in white, glass, wiping, mechanisms
AEP;ALPINE EXTRUDED PARTS
AVL;ALPINE LEATHER
ASS;ALPINE SEATS SPORT PREMIUM
AIC;Alpine Interior Composite parts
AEC;Alpine Exterior Composite Parts
AAA;ALPINE AERO ACTIVE PARTS
A3F;Alpine engine cooling parts
AED;Alpine Exterior Deco & Stripping parts
AIP;Alpine Interior Plastic parts
ALT;Alpine Leather & specific Alpine Fabrics
KQ8;SYSTEME D'AIDE A LA CONDUITE
ZZ1;LUBRICANTS
NWC;LLC (CONQ)
DG3;EV 2ZB CONVERSION BOX
IBC;IT SYSTEM : NAVIGATION P&A
KQR;PROD PERSO
DF1;EV 2Z0 OTHER EV PARTS
IBJ;PLASTIC TRIM P&A
NTA;ANOTHER ACCESSARY
IBA;AUDIO HEAD P&A
KQY;REMORQUES
93G;AFTER SALES CONNECTIVITY
S2G;ETC CONT-CPM
IBM;HARNESS P&A
IBE;OTHER PARTS P&A
IBL;ALLOY WHEEL P&A
KPV;CHAINS FOR SNOW
NCA;ALLOY WHEEL
KQI;HOUSSES DE SIEGE
KQL;PLASTIC QUATERLIGHT
IBF;FLOOR CARPET P&A
KQM;PROTECTION
IBO;SUNROOF P&A
KPM;KIT VP/VS
KQX;GALE+ACCES
NNS;GOODS
KQV;COFFRE DE TOIT
XEH;ROOF RACK
XX1;QUICK CHARGER
KPL;RANGEMENTV
IBP;OUTSIDE MIRROR P&A
NXA;ANOTHER RUBRICANTS
KQJ;INTERNAL ACCESSORIES
KQT;ACCESSOIRES D'ATELAGE
KR1;FAIS ATTEL
KQE;FILETS DE MAINTIENT
KPW;ROUES COMPLETES HIVER DRFPA
NAA;VISOR
KQU;PORTE SKI PORTE VELO
NTB;AUTECH JAPAN LCV-BU
KPP;LOCKING WHEEL NUT
IBI;DO NOT USE
NQC;QUICK CHARGER COMPONENTS
HC1;PROTECTOR RR WHEEL
KPJ;ACCESSOIRES
NDJ;COMMUNICATION EQUIPMENT
KQN;FLARING
T18;WHEEL
KQH;GRILLES
IBB;SPEAKER P&A
IBH;DO NOT USE
KQ9;KIT MAIN L
IBK;PROTECTION VU P&A
NWA;ANOTHER CHEMICAL
KPK;PROTECTION VU
IBG;TRUNK / LUG TRIM P&A
IBN;ESCL (ELECTRONIC STEERING COLUMN LOCK) P&A
EA4;AT UNIT(FR-5TH)
KQG;SIEGES ENFANTS
E33;PARKING AID
NAB;MAD GUARD
NF2;FORK LIFT PARTS
KQF;SIGNALISATION ET SECOURS
KQW;PORTAGE DIVERS
KQS;ATTELAGE
KQK;SUNBLIND
IBD;IMMOBI SYSTEM P&A
LD3;RABBER FUEL HOSE
KS0;MECANIQUE
EK1;AT-KD PARTS(JATCO)
NWE;WINDOW WASHER FLUID
IBQ;CONDENSER WITH LIQUID TANK P&A
KR0;LIGHTS BOX
DA2;AK ENG. CG
NSB;SPARK PLUG
NF1;INDIA MIGRATION (NF1)
KRY;MECHANICAL GEARBOX
IBZ;COMPR P&A
IDT;REMAN STEERING PUMPS
KPN;CALIPER
FPW;OTHER
NF3;FORK LIFT PARTS
EK2;AT-KD PART(EXCEPT JATCO)
KQ1;DIRECTIONS
NSC;AIR FILTER
NCC;MUFFLER
ICG;RETAINER VALVE P&A
NDG;REMOCON STARTER
IBW;CLUTCH DISK P&A
IBR;RADIATOR WITH OIL COOLER P&A
GZZ;GKN
IDV;REMAN DIESEL INJECTORS
IBX;ALTERNATOR P&A
KRU;POMPES
KRV;PILES
NF7;FORK LIFT PARTS (AFTERSALES)
ICD;LAMP (OTHER) P&A
NXD;MT FLUID
NDB;NEON CONTROL
IBV;DRIVE SHAFT PARTS P&A
KQZ;BLADES
E11;T/F LEVER
KRS;E/S - TURBOS
NF8;FORK LIFT PARTS (AFTERSALES)
KRX;AUTOMATIC TRANSMISSION GEARBOX
KRZ;MOTEURS NEUFS ET ECHANGES STANDARDS
IBS;PUMP ASS WATER P&A
IBT;HEAD CYLINDER P&A
KP9;MASKING
KR4;BOBINES
NAS;DIAGNOSTIC VI
KP3;GAMME HS
KP6;DIVERS PEINTURE
KPC;ADHESIVES
KRQ;MATERIELS DIVERS
KRE;REPARATION RAPIDE
KQ4;CLIPS
DZZ;CHINA
KRJ;DIVERS OUTILLAGE
KQO;METAL PLATES
NWD;BRAKE FLUID
KP0;TEINTES FINIES
KQQ;VARIOUS PLATES
KQP;PLASTIC PLATES
IDD;GASOLINE/DIESEL/MIXED ENGINES OILS FIRST FILL P&A
KP8;ABRASIVES
KRP;PISTOLETS
KQD;BOUT DESHY
ICB;OTHERS (COLD FORMING TECHNOLOGY) P&A
KRA;TOLERIE
T33;CLIP
KR3;PROTECTION CARROSSERIE
NXC;DIESEL ENGINE OIL
NCB;LOW DOWN SUSPENSION
NAD;FRONT GRILL
KRB;SOUDURE
KRI;CONSOMMABLES D'OUTILLAGES
KR5;HYGIENE
IDA;LONG LIFE COOLANT P&A
KRL;MATERIEL COLORIMETRIE
KR2;PROTECTION
KQ5;STRAPS
ICC;OTHERS (NON COLD FORMING TECHNOLOGY) P&A
2T1;EQUIPMENT LUBRICANT OIL
KR8;CONSOMMABLES BOUTIQUE
KRR;OUTILLAGE PNEUMATIQUE
KQC;NETTOY CLI
IDE;MANUAL TRANSMISSION FLUID/WASHING GEARBOX FLUID PA
KR7;EMBALLAGE
KRM;PRESENTOIRS CARROSSERIE PEINTURE
ICW;TOP COAT (WATER BASE) P&A
KQ7;ELECTRIC WIRES/OUTER COVERING/VARIOUS CONNECTORS
KRN;MATERIEL V O
NF6;FORK LIFT PARTS
KRD;SVS
KRW;ELECTROLYTE
KS1;PRESENTOIRS ET MOBILIERS BOUTIQUES
NDC;PARKING SUPPORT SYSTEM
KP5;DURCISSEURS
KRH;OUTILLAGE ELECTROPORTATIF
KRF;CONSOMMABLES V O
KP7;MASQUING SLIVER
NXB;GASOLINE ENGINE OIL
KP2;TEINTES A EFFETS SPECIAUX
A96;OTHER PARTS
KRG;OUTILLAGE A MAIN
AS1;SERVICE PARTS AVILA
KRO;MATERIEL PEINTURE
NDA;FOG LAMP
KQB;AIR CONDITIONNING GAS
ICA;NUT - ISO P&A
KRC;ABSORBANTS
NF4;INDIA MIGRATION (NF4)
NXE;AT FLUID
KPB;ADHESIVE FOR GLAZING
KQ3;COLLECTIONS
KP4;SOUS COUCHES ET APPRETS
KPD;SEALING MASTIC
IDF;WINDOW WASH LIQUIDS P&A
KPA;PVC FILLER
KR6;SAVON
KR9;CONSOMMABLES ATELIER
KPO;CLEANING AGENT FOR BRAKES
ICZ;CLEAR COAT P&A
KRK;PRESENTOIRS ET MOBILIER D ATELIER
KQ2;PRODUITS BOUTIQUE
NWB;LLC (PREMIX)
ICY;SOLVENT P&A
IDB;BREAK FLUID P&A
KP1;TEINTES DE BASE
ICX;PAINT PRODUCTS FOR REPAIR P&A
IDC;GASOLINE/DIESEL FIRST FILL/ADDITIVES FOR FUEL P&A
KQ6;RIVETS-GROUPS
NEV;EV TOOLS
NSE;BULB
ICE;BELT TIMING P&A
ICJ;OIL FILTER P&A
EA2;AT UNIT(FR-4TH)
KPG;SECOND GRADE ENGINE OILS
ICS;FUNDATION RR BRAKE P&A
EP1;CVT UNIT(FF)
NHV;L42A HEV PARTS
ICR;FUNDATION FR CALIPER P&A
ICF;BELT P&A
KPI;HUIL COMPR
KPH;HUILE BOIT
ICV;BRAKE HOSE P&A
ICH;AIR INTAKE P&A
ICP;GLOW PLUG P&A
ICQ;FUEL FILTER P&A
ICN;EXHAUST SUSPENSION P&A
ICM;BATTERY P&A
EP3;CVT UNIT(FR)
ICT;PAD / LINING PAD P&A
ICO;SPARK PLUG P&A
KIT;KIT ACCESSOIRES
NSA;BRAKE PAD
EA1;AT UNIT(FF-4TH)
ICL;AXLE BRG P&A
ICK;CLIP - METAL CLAMP AND BUSHING P&A
MFU;SPECIAL SURFACE TREATMENT GRAND STEEL WHEEL
MFB;SPECIAL SURFACE TREATMENT GRAND ALLOY WHEEL
KPR;ERECTED-WHEELS FOR WINTER
MFX;FE BALANCE WEIGHT ADHESION TYPE
MFR;TEMPORALY STEEL WHEEL
MF5;TIRE SEALANT
KPS;ERECTED-WHEELS FOR SUMMER
MFY;FE BALANCE WEIGHT DRIVE TYPE
KPQ;NON-ERECTED WINTER-TYRES
MFE;TEMPORALY ALLOY WHEEL
KPT;BALANCING AND REPAIRING
MF2;TEMPORALY TIRE
KPU;NON-ERECTED SUMMER-TYRES
KXX;AFTER MARKET SPECIFIC OFFER
MR1;MERCHANDISING
IAD;DCM - MOTEUR ESSENCE ALLIANCE
IAK;DCM - DIVERS PEUGEOT
IAC;DCM - MOTEUR DIESEL TIERS
IAJ;DCM - DIVERS STA
IAB;DCM - MOTEUR DIESEL ALLIANCE
IAN;DCM - BVA ALLIANCE
IAP;DCM - PIECES TOLERIE & FONDERIE ALLIANCE
IAL;DCM - BVM ALLIANCE
IAF;DCM - BVA TIERS
IAG;DCM - PONT AR ALLIANCE
FLE;FLEXIS CONVERSION
HYV;HYVIA PARTS
IRT;RENAULT TRUCKS AFTERSALES
IAT;ACHATS POI RSM - H45
IAS;NEW TRAFIC - X83
IAR;RENAULT MERCHANDISING - ACHATS
IAQ;SOVAB - ACHATS
LC3;PRESTATION DE CONVERSION
LC2;KIT CONVERSION
K68;STARTET - ALTERNATOR COMPONENTS
K96;DOCUMENT KIT
IAW;RENAULT TECH
IAZ;BIP TRANSFER
CPO;CC - CPO
LBM;BATTERY MODULE
K34;TRACTION BATTERY
L40;BATTERY
HYB;HYBRID BATTERIES
L48;BATTERY 48V
K37;POWER ELECTRONIC BOX
5F3;E PWT CONTROL UNIT
BCC;ON BOARD CHARGER
VCM;EMACHINE CHILD PARTS
FHQ;E PWT HOUSING
DLC;REDUCER AND DIFFERENTIAL
K40;X IN ONE ELECTRIC
BTE;BATTERY TRAY ELECTRICAL VEHICLE
K35;ELECTRIC BATTERY COMPONENTS
H4F;RET BODYSIDE
P47;BODY & VEHICLE ASSEMBLY P47
H4B;CHANNEL
KB5;OUTSOURCING
RP1;UNDER FLOOR METAL
P46;BODY & VEHICLE ASSEMBLY P46
KB2;TROUBLE-SHOOTING AND RELIEF
P43;BODY & VEHICLE ASSEMBLY H42
KB4;SHEET UNITS
IDR;SHEET MULTIFUNCTION PARTS
QX1;SIDE STEP
3FB;FR BMPR-ARMATURE/STAY
KB1;PLASTICS AND COMPOSITIONS
P45;BODY & VEHICLE ASSY NON-PANEL
KB3;STAMPING
RPA;PROTR  DISCHARGE  INV
H4C;PTN SASH
RB1;ALLOY BMPR RR REINF
RB3;BODY SIDE STEP
P42;BODY & VEHICLE ASSEMBLY H42
RM1;UPPER BODY METAL
KA3;METAL SHUTTERS
RM2;DOOR METAL
KA2;PLASTIC SHUTTERS
RF1;FRAME
H4H;GUIDE RAIL
KA0;WINGS
T54;CABIN
KA1;DOOR FRAMES
H1A;BRACKETS
KA5;PROTECTION
XEM;TRUNK LOCK
T51;OTHER
XAA;DLOCK
XSB;OTHER RUBBER
H5B;DOOR PAD
K1J;LOCKS
XED;HOOD ROD
XEF;CHECK LINK
XDA;OS HANDLE
ZE1;WIPING LIGHTING
XCB;W/REG
XEB;HOOD LOCK
XFA;POWER SLIDE DOOR
XEE;CHARNIERES DE PORTES LATERALES
XEA;ARTICULATION DE CAPOT AV
XEK;ARTICULATION DE HAYON
XEG;IS HANDLE
XEJ;TORSION BAR
XRA;CABLE
XEN;ARTICULATION DE COFFRE
S1K;KEY SET
XEL;BD LOCK
XCA;DOOR MODULE
S1L;ESCL (ELECTRONIC STEERING COLUMN LOCK)
T0G;GLASS RUN DOOR LWR SASH
MC4;MISCELLANEOUS
K49;HEATED ATHERMIC WINDSCREEN(WINDSHIELD)
K41;OTHER BACK WINDOW
K45;MOULDED ATHERMIC HEATED BACK WINDOW
K47;WINDSCREEN(WINDSHIELD)
K42;OTHER WINDSCREEN
K54;MOULDED SIDE WINDOW
K50;GLASS FOR FIXED PANEL
K44;HEATED BACK WINDOW
K46;MOULDED HEATED BACK WINDOW
K43;OTHER DOOR WINDOW
K60;SEALING LEAF
K1C;VARIOUS SEALS
K0U;SEALING OF HOOD/TRUNK/REAR DOOR/MOULDING
TSG;GLASS RUN
T52;MIRROR
TSD;WEATHER STRIP
K56;SEALING OTHERS PLASTIC PARTS
K1D;VARIOUS SEALS / MOULDING
K1E;VARIOUS SEALS / FOAM
K0S;SEALING OF HOOD AND REAR DOOR
ZA3;MIRROR OTHER
TSE;SEALING SCREEN
T49;OTHER 3J
ZA1;OUTSIDE MIRROR
K1B;SEALING OF MOVEABLE WINDOW
K55;SEALING OTHERS FOAM PARTS
K0R;SEALING EXTRUDED DOOR SEAL
ZA2;INSIDE MIRROR
K1H;SEALING PANEL
K1A;SEALING OF FIXED WINDOW
K0W;SEALING OF SIDE DOOR HINGE/ EXTRUSION
TSF;STFNR
TST;TRUNK & B/DOOR SEAL
K0T;SEALING OF HOOD/TRUNK/REAR DOOR/EXTRUSION
K1F;VARIOUS SEALS / PLASTIC
K0V;SEALING OF HOOD/TRUNK/REAR DOOR/PLASTIC
K0Z;SEALING OF WINDSCREEN AND BACKLIGHT
K0Y;TRIM
K1G;VARIOUS SEALS /EXTRUSION
K0X;SEALING JOINT OF SIDE DOOR/MOULDING
TSB;WELT BODY SIDE
TSH;HOOD SEAL
T0D;OTHER DOOR STEAL
XCO;FOLDING ROOF
XBA;SUNROOF
THS;SUN ROOF DRAIN HOSE
T0R;OTHER RUBBER
XBB;SUNROOF FIX
K1I;SLIGHT AND SLIDE OPENING WINDOWS
QS1;GAS STAY
K33;SLIGHT AND SLIDE OPENING WINDOWS
ZB4;RR WIPPER ARM & BRADE
ZB2;FR WIPER ARM & BRADE
3LB;HID BLLAST
ZBY;OTHER
3LC;HEAD LAMP CLEANING
K12;RAIN AND LIGHT SENSOR
ZB3;RR WIPER DRIVE
ZB1;FR WIPER DRIVE
ZBZ;OTHER
ZD1;WASHING SYSTEM
ZC1;HORN
KCK;PP R LAF GF ED X
KCL;PP R LAF GF HLE X
KBT;PP L LAF EZ+ORGA HLE X
KB9;BRAZING/SOLDERING RINGS
KBA;TUBES WITHOUT WELDS
KBD;PP DIVERS
KC2;PP L LAF G+ORGA HLE Z
KCD;PP R LAF EZ HLE X
KBP;PP L LAF EZ HLE X
KBL;PP L LAF ED X
KBG;PP L LAC EZ HLE X
KCM;PP R LAF HLE X
KCS;FERROUS SCRAP
KCN;FLAT STRIP PRODUCTS
KCA;COLD-ROLLED SLIT FLAT STRIP PRODUCTS
KBI;PP L LAC G HLE X
KBB;WELDED TUBES
KC4;PP L LAF GF HLE X
KCE;PP R LAF EZ+ORGA ED X
KC7;PP R LAC EZ HLE X
KCT;FERROUS ALLOYS
KBK;COLD-ROLLED WIDE STRIP FLAT PRODUCTS
KCQ;PP R LAC ED X
KBU;PP L LAF EZ+ORGA HLE Z
KBJ;PP L LAC HLE X
KCO;FLAT STAINLESS STEEL PRODUCTS
KBX;PP L LAF G HLE X
K0E;STAINLESS EXHAUST TUBE
KCI;PP R LAF G+ORGA ED X
KCC;PP R LAF EZ ED X
KBH;PP L LAC G ED X
KBW;PP L LAF G ED Z
KBN;PP L LAF EZ ED X
KC0;PP L LAF G+ORGA ED Z
KBF;PP L LAC EZ ED X
KC3;PP L LAF GF ED X
KC6;PP R LAC EZ ED X
KBM;PP L LAF ED Z
KC8;PP R LAC G HLE X
KCG;PP R LAF G ED X
2F1;BAND STEEL
KBE;HOT-ROLLED WIDE STRIP FLAT PRODUCTS
KFA;ELECTRICAL STEEL
KBQ;PP L LAF EZ HLE Z
KC5;PP L LAF HLE X
KC9;PP R LAC HLE X
KC1;PP L LAF G+ORGA HLE X
KBV;PP L LAF G ED X
KCP;PP R LAC G ED X
2A1;STEEL TUBE
KBY;PP L LAF G HLE Z
KCB;PP R LAF ED X
KCJ;PP R LAF G+ORGA HLE X
KBR;PP L LAF EZ+ORGA ED X
KBZ;PP L LAF G+ORGA ED X
KBC;BLANKS
KCF;PP R LAF EZ+ORGA HLE X
KCR;NON TRANSVERSE 82
KBO;PP L LAF EZ ED Z
KBS;PP L LAF EZ+ORGA ED Z
T17;OTHER 6E
KCH;PP R LAF G HLE X
KCU;LONG STEEL PRODUCTS
2D1;WELDING MATERIAL
2C1;STAINLESS
3B1;COPPER
KB7;SECOND MELTING ALUMINIUM INGOTS
KB6;FIRST MELTING ALUMINIUM INGOTS
KB8;COPPER WIRE
KCX;ALUMINIUM APPEARANCE BLANKS
KCW;ALUMINIUM STRUCTURE COILS
2N1;ALUMINUM
KCY;ALUMINIUM STRUCTURE BLANKS
2P1;ALUMINUM SHEET EXTRUSION
KCV;ALUMINIUM APPEARANCE COILS
2X1;PLASTICS
5B1;CASTING
VAE;ADHESIVE ELEMENTS
2H1;COKE
2G1;CASTING MATERIAL
VMP;PRECIOUS MATERIALS
VPI;IRON POWDER
2Y1;PAINTING(EXCEPT)
KEB;SURFACERS PER UNIT
KE0;PAINT ADDITIVES
2U1;PETRIFACTION AND OTHERS
KE7;PAINT PRODUCTS FOR REPAIR
KEF;PRE-TREATM
2K1;ADHESIVE & SEALING
KE2;TOP COAT (WATER BASE)
2W1;REPAIR PAINT
ZZZ;OTHERS
KEG;E-COAT PER UNIT
KED;CLEAR COAT PER UNIT
KE6;BLACK PAINTS FOR STYLE
KE5;CUSTOMIZED PAINTS
KEA;CLEAR COAT
KEE;E-COAT
2Z1;PAINTING(LSS)
KE3;TOP COAT (SOLVANT BASE)
KE4;COST PER UNIT
KEH;PRE TREATMENT PER UNIT
KE8;PROTECTIVE PAINTS
KE1;PRIMER
KEC;FINISHING PER UNIT
KE9;SOLVENT
3J1;OTHER EV METERIAL
K82;FUEL
1G1;BREAK FLUID
1F1;LONG LIFE COOLANT
2M1;AIR COOLING GAS
K81;CHARBON
K80;FUEL
K79;GAZ OIL
2S1;POWER STEERING FLUID + GREASE FIRST FILL
K83;PRODUITS PETROLIERS INDUSTRIELS
K97;FUEL FOR COMPANY CAR
2X2;EV SPECIFIC POLYMERS SEMI-PRODUCTS
1J1;PGM
K99;GAS FIRST FILL (PROPANE GAS FLUID)
K73;AUTOMATIC TRANSMISSION FLUID
K78;ADDITIFS CARBURANTS
1H1;ETC
K71;GASOLINE + DIESEL + MIXED ENGINES OILS FIRST FILL
K98;FUEL FOR TECHNICAL TESTS
2R1;GASOLINE + DIESEL FIRST FILL + ADDITIVES FOR FUEL
KEN;WINDOW WASH LIQUIDS
K72;MANUAL TRANSMISSION FLUID + WASHING GEARBOX FLUID
KES;PRE-FORMED MASTICS
KEO;PROTECTIVE WAX AND VARIOUS
KEI;AUTOMOTIVE MASTIC AND ADHESIVE
KEQ;INFLATING INSERTS
KEK;MASTICS - PAYMENT ON VEHICLE
KEP;STRUCTURE INSERT
KEJ;INFLATING INSERTS
KER;MASTICS PAYMENT ON VEHICULE
KEM;BASE OILS AND VARIOUS PRODUCTS
K0F;NON TRANSVERSE SA 23
KEL;PRE-FORMED MASTICS
K0G;SOUND ABSORBERS (IFF)
KET;AMORTISSAN
KEV;PAINTS FOR PLASTIC PARTS
KEU;FINISH FOR PLASTIC PARTS
KEW;PLASTICS FINISHING
G0Y;DRIVE SHAFT ASSY
GB4;PROP SHAFT ASSY (CVJ)
G1Y;DRIVE SHAFT PARTS
MJZ;STAMPING FOR AXLES AND SUBFRAME
KPX;KIT BUTEE
GB1;BRAKE DISC-FRONT
YAC;AXLE OTHER
G0G;AXLE BRG OTHER
FVY;PULLEY SPR SEAT
APM;POWERTRAIN MACHINING
GB2;BRAKE DISC-REAR
5B2;OUTSIDE ORDER PAINTING
IDQ;SHEET METAL PARTS
G1E;AXLE BRG GEN3
IDI;STEEL TUBES AND TORSION BARS
FV2;E-POWERTRAIN BEARINGS
YAP;KNUCK & SPDL
MJ3;SUSP MBR/LINK
T06;SUSP MBR LINK
T55;CHASSIS
YAA;AXLE
IDG;ROTULE DE BRAS
IDJ;AXLE MATERIAL SURFACE TREATMENT
GB3;BRAKE DRUM-REA
IDH;CASTING FOR AXLES LINKS
G0F;AXLE BRG
QE1;EXH
QE2;OTHER EXH
K0J;CATALYTIC CONVERTER
KD2;VARIOUS EXHAUSTS
KQ0;CATALYZERS
TEX;EXH MTG
KPZ;TUBES
THC;EXH PKB
QE3;CLUTCH-M/CYL
QT4;CLUTCH TUBE
KD0;HEAT SHIELD
DC4;ND ENG. FD
KD4;EXHAUST SUSPENSION
KPY;REAR MUFFLERS
KD1;EXHAUST UNCOUPLING (MONOLITH)
XEC;HOOD STRIKER
ICI;CATALYTIC CONVERTER OF GASOLINE P&A
KD6;TUBES ECHAPPEMENT INOX
TS1;THERMAL SCREENS
T22;PEDAL
XSA;OTHER
YAF;CATCHER GREASE
KDC;CLUTCH PEDAL
FVA;CLUTCH YOKE&ROTOR
YBE;PEDAL OTHER
YBD;PEDAL BRKT
YAN;RR AXLE TUBE & SFT
T24;JACK & TOOL
KDA;PARKING BRAKE
KD9;PARKING BRAKE CABLES
XQB;OTHER PKB DVC
YCA;JACK
KDF;PEDAL ASSEMBLY COMPONENTS
YBF;FOOTREST
YAE;BRG CAGE
YAG;GREASE-OUTER
T23;PKB DVC
FVZ;SHIFT BRKT&PARKING PAWL
KDG;PEDAL ASSEMBLY SWITCH
KD8;SPARE WHEEL CRADLE
YAB;AXLE BRKT
YEA;OTHER
KDB;ACCELERATOR CABLE
XQA;PKB DVC
YAH;HUB CAP
YDA;TOOL
YBA;PEDAL
XRD;EXH PKB
KDE;HYDRAULIC CLUTCH CONTROLS
K23;COMPLETE GEAR SHIFT
XPB;MT DVC
XPA;AT DVC
QH1;FUEL HOSE
T14;TUBE 6D
MH2;FUEL FILLER TUBE
LPG;LIQUID PETROLEUM GAZ (LPG) PARTS
THF;FUEL HOSE (RUBBER FOR ENGINE)
T10;HOSE 3H
MH7;UREA POMP MODULE (SCR)
MH8;UREA PIPES (SCR)
QT3;OTHER TUBE
MH1;FUEL
QT1;TUBE COMPL-FUEL BRAK
MH3;FUEL PUMP/MODULE
T13;HOSE 6D
MH4;BAND ASSY FUEL TANK
THA;AT HOSE
MH9;STAMPING / PROTECTOR
QT2;BRAKE AND FUEL PIPES (METALLIC PARTS)
T47;HOSE 3J
MH6;FUEL FILLER CAP
AZZ;OTHER PARTS
K0N;FUEL CANALISATION
MH0;UREA TANK (SCR)
A93;HOSE
MH5;PROTER ASSY FUEL TANK
CG1;CANISTER
MFZ;AIR VALVE
MFV;BALANCE WEIGHT
MF1;TIRE
MFW;PB BALANCE WEIGHT DRIVE TYPE
NZA;ANOTHER A/S PARTS
MFA;ALLOY WHEEL
MF9;TIRE & WHEEL ASSY
MFS;SILVER GRAND STEEL WHEEL
MJ4;SUSP BUSH
MJ1;STRUT/SHOCK
MJ5;STAB
G1C;BRG STRUT
T07;SUSP OTHER
TAV;OTHER ANTI VIBRATION RUBBER
TCM;CAB MTG
ICU;STRUT / SHOCK P&A
T04;SUSP BUSH
T02;SPR STAB
YAD;BALL JOINT
MJ2;SPR
TEB;ENG MTG BRKT
TEM;ENG NTG INSUL
MD4;CLUTCH -M/CYL
MDK;WSS-SHIM
K0H;MISCELLANEOUS BRAKING
MDX;ACTUATION-M/CYL
K58;REGENERATIVE BRAKE SYSTEM (INCLUDING VACCUM PUMP)
MD7;EXHAUST-SHUTTER
MDH;MODULATION-BOLT
MDI;MODULATION-RELAY
MDB;MODULATION-G SENSOR(ABS)
MDO;DRUM BRAKES
MDA;MODULATION ABS (INCLUDING LSV)
MD5;CLUTCH -CLUTCH OPE
MDM;WSS-RR
MDL;WSS (WHEEL SPEED SENSOR)
THV;BRAKE VACUUM HOSE
MDD;MODULATION-VDC
MDV;ACTUATION
MDQ;PAD/LINING PAD
MDJ;WSS-OTHER
MD8;VACCUM HOSE
MDZ;SEN ROTOR
EDR;E-DRUM BRAKES
MDF;MODULATION-SAS
MDP;PAD/LINING LINING
MDW;ACTUATION-CONT
MD2;BRAKE BRAKETS
MD1;REAR CALIPERS (FPM)
THB;BRAKE HOSE
MDS;PAD/LINING-WEAR
4H0;ACC
XPC;OTHER AT/MT DVC
K0I;BRAKE HOSES
K57;EPB SYSTEM
T09;TANK
MDT;FR/RR BRAKE OTHER
MDN;FRONT CALIPERS
MD6;CLUTCH OTHER
MDE;MODULATION ESP (INCLUDING SENSOR)
MDG;MODULATION-WIRE ASSY-STRG
MDC;MODULATION-TCS
MDU;ACTUATION-BOOSTER
MD3;CLUTCH -DAMPER
MDY;FLUID TANK AND HOSE
MDR;PAD/LINING-SHOE
ME4;4RD/4WS - ACTIVE REAR STEERING
ME7;RACK EPS
THP;P/S HOSE
G0H;BRG OTHER
ME6;HEPS
S1D;MECHANICAL STEERING COLUMN
ME3;COLUMN EPS
THM;OTHER HOSE (LOW/MIDDLE PRESSOR)
ME9;STEERING - AFTER SALE COMPONENTS
ME1;GEAR ASSY STRG - HYDRAULIC
ME8;DOUBLE/SINGLE PINION EPS
ME5;TANK ASSY PS
K36;PRESSURE SWITCH
ME2;PS PUMP
ME0;GEAR ASSY STRG - MANUAL
S7C;LOW VOLTAGE AIR HEATER
S5A;AC AMPLIFIER
S5B;SENSOR CLIMATE
NSD;CABIN FILTER
S5C;BOILER CHAUDIERE ADDTIONNEL
S6B;HEAT PUMP
T44;OTHER 1S
S2N;HVAC-CPM
S6D;DRAIN HOSE
KQA;CABIN FILTER
S7B;WATER PTC
S6C;BATTERY BLOWER
S8C;AC ELECTRO VALVE
S1B;HVAC
S9B;HVAC OTHER
S8B;AC WATER EVAP FOR BATTERY COOLING
S3A;COMPR
S3B;ECOMPRESSORS
S4A;COMPR OTHER
K06;WATER HOSE
3FD;OTHER PARTS FOR CONDENSER FUNCTION (BRKTS SENSOR)
3FL;AT/ CVT OILCOOLER-OILCOOLER AND BRKTS
T03;ENG MTG BRKT
T42;BRKT 3G
T12;BRKT 3H
3FK;EXPANSION BOTTLE BOTTLE CAP
K0P;LOW PRESSURE HOSES
FVX;CASE&COVER BRKT
3FO;ACTIVE GRID SHUTTERS
S4C;PIPE&HOSE OTHER
T48;BRKT 3J
THR;ENG COOLING  SYSTEM
T15;BRKT 6D
S4D;HEAT PUMP SYSTEM
3FJ;UCR (RAD+COND) ECM (RAD+COND+MFS OR RAD+MFS)
3FE;RADIATOR RADIATOR WITH OILCOOLER
T26;BRKT 4A
L70;INTER COOLER
K05;DEGASSING HOSE
3FF;OTHER PARTS RADIAT FUNCT (BRKT RAD CAP RAD MOUNT)
T38;BRKT 3A
S4B;PIPE & HOSE
K0Q;HIGH PRESSURE HOSES
3FM;FIXING BRACKET
T25;BRKT 5D
3FG;SHROUD WITH MOTOR FAN PUSHER FAN
K0M;WATER HOSE
K0L;CA PIPES
T46;WIPER OTHER
3FC;CONDENSER CONDENSER WITH LIQUID TANK
K0K;DEGASSING HOSE
AZ1;STAMPING
EWP;EWATER PUMP
3FH;OTHER PARTS FOR M/F FUNCTION (RESISTOR AIR GUIDES)
THH;HEATER HOSE
3FN;RELAIS BOX FOR MOTORFAN
FVE;GEAR TRAIN
OO1;OTHER OIL PERIMETERS
CR1;COVER-CONTAINER
GCC;CAM BRKT BOLT
OP1;OIL PUMPS
FU1;UNIT
TE1;TUYAUX ET EMBOUTS REFROIDISSEMENT BATTERIE
OC1;OIL COOLERS
FGD;COVER-CONT
3FA;FRONT END MODULE
S24;IMMOBILYZER-CPM
SMO;INST OTHER (NMEX NON-GIP)
SMS;STEERING MEMBER (NMEX NON-GIP)
SB1;NON RNPO PARTS A1-B
SMI;INST (NMEX NON-GIP)
S25;KEYLESS REMOCON-CPM
S2X;SW -CPM
S2Y;BULK-CPM
SCP;CPM
K1K;AIR CONDITIONING DUCT
KAY;CONSOLES
KAW;CROSSPIECE
KAZ;INSTRUMENT PANEL
KB0;GEAR LEVER BELLOWS
KVT;AIRVENTS
KAX;GEAR LEVER BULB
E27;CONT  ASSY  ACC
DEC;DECO PARTS
T27;OTHER 4A
KAL;LATERAL PARTS (PIP / ELARGISSEUR D AIL)
KA8;BUMPER SKINS & ASSEMBLED BUMPERS
KAM;SPOILER & DEFLECTORS
KA9;RADIATOR GRILL & COMPONENTS
KAA;CHROMED PARTS
KAJ;RADOM
HL0;LABEL
T35;LABEL
KAB;EXPENDED PP PARTS
HEM;MUDGUARD (PARE-BOUE)
KAG;COWL GRILL & OLGA
RB2;STEEL BMPR
KAR;ENERGY FLAP
KAO;WINDSCREEN EMBELLISHER (ENJO DE PAREBRISE)
HET;ENJOLIVEUR DE PAVILLON
KAE;FRONT END CARRIER
KA7;BUMPER COMPONENTS
KAP;REAR PANEL
H5A;BMPR EA
L41;BATTERY ASSY-SUB
KAI;AIR VENTILATORS
NN1;BUMPER KIT
HT0;COWL TOP COVER
HM0;EMBLEM
KAF;FLOORS
H4E;SASH MLDG
KAK;ROOF BARS
HE9;OTHER(EXTERIOR PLASTIC)
KAN;FAIRING / UNDERCOVER FELT
HR0;SPOILER
H2B;BW MLDG
IDK;DO NOT USE
KAH;FAIRING / UNDERCOVER PLASTIC
T34;EXTERIOR
HER;GRILLE
KA6;LABELS/MARKINGS
KAQ;FAIRING / UNDERCOVER METAL
KAD;STRIPPING
H4J;SASH TAPE
IDL;WHEEL ARCH SHIELD PLASTIC
H4D;CORNER COVER
HZZ;OTHER
H6A;ROOF RACK
H4A;O/S MLDG
HED;DOOR MLDG
H3A;FASTENER
IDM;ROOF RAISE (PAVILLON)
H4G;OTHER(DOOR MLDG)
HWR;WHEEL COVER
HB0;BODY SIDE PLASTIC
IDP;WATER BOX
HD0;DRAFTER
NAC;AERO PARTS
H2A;WS MLDG
IDO;WHEEL ARCH SHIELD FIBER
H2C;ROOF MLDG
KAC;EMBLEM & MONOGRAM
MFC;CHROME PLATE GRAND ALLOY WHEEL
KAS;PLASTIC WHEEL CAP
KAT;ALLOY WHEEL CAP
MFD;DARK CHROME GRAND ALLOY WHEEL
HWP;WHEEL CAP
JC2;DASH INSULATOR
JT1;ROOF TRIM
JC1;FLOOR CARPET
JD2;DASH INSULATOR(NON GIP)
JW1;PROTR REAR WHEEL HOUSE
NBA;CARPET FLOOR
JT5;TRUNK/LUG TRIM
JT4;PARCEL TRIM
JU5;TRUNK/LUG TRIM
JC3;OTHER INSULATOR
IDS;INSULATORS
JD1;FLOOR CARPET(NON GIP)
T29;MAT
JT7;SunVisors
EPS;EPS/EPP PARTS
JU2;BODY SIDE TRIM(NON GIP)
JU1;ROOF TRIM(NON GIP)
T30;OTHER 4C
JT8;GRAB HANDLE
JT2;BODY SIDE TRIM
EPP;EPS/EPP PARTS
JT6;SIMPLE POUSSOIR DE BASSIN
JU3;DOOR TRIM(NON GIP)
JU6;OTHER TRIM
JU4;PERCEL TRIM(NON GIP)
JT3;DOOR TRIM
FV1;SCR SFT COVER
HCF;FDR PROTR
KCZ;VEHICLE THERMAL SHIELDS
KDO;DISQUE DE FREIN AVANT RST
E28;LAMP SOW
3LR;RR COMBI LAMP
3LM;HMSL
3LF;FOG LAMP
3L9;LAMP (OTHER)
3LS;SENSOR AUTO LEVELLER + ECU
3LI;SMALL LIGHTING INTERIOR
3LE;SMALL LIGHTING EXTERIOR
T45;LAMP OTHER
3LH;HEAD LAMP
QJ1;OTHER PARTS
GCK;SUSP BOLT
T11;TUBE 3H
GCB;BRG CAP BOLT
FC1;OTHERS (COLD FORMING TECHNOLOGY)
FB1;NUT - ISO
GCM;NUT
NF0;FORK LIFT PARTS
FA5;BOLT SCREW & STUD-2ND MOST CRITIC ENG+CHASSIS PTS
GCG;C/PULLEY BOLT
T32;BOLT NUT
A9Z;OTHER
GCP;SUB NES NUT
GCI;D/GEAR BOLT
T56;RR BED
GC9;NES BOLT SCREW PIN
FD1;CLIP - METAL AND METAL+PLASTIC
FD2;CLIP - PLASTIC
K59;NON TRANSVERSE SA 64
NFL;NISSAN FORKLIFT
FA8;BOLT SCREW AND STUD - OTHERS
FE1;OTHERS (NON COLD FORMING TECHNOLOGY)
FD3;CLIP - METAL CLAMP AND BUSHING
NFC;FORK LIFT PARTS
T19;OTHER 5F
QF1;FASTENER
GCQ;WHEEL NUT
FB6;NUT - OTHERS
GCF;CAM SHAFT BOLT
GC8;BOLT SCREW PIN
FB5;CRIMPING NUT ANS SCREW
GCH;AT BOLT
FA1;BOLT SCREW AND STUD - ISO
GCJ;HUB WHEEL BOLT
FA7;WELD STUDS
GCD;CONN ROD BOLT
FV9;BOLT&NUT
QF3;FASTENER(5A)
GCN;NES NUT
GCA;SUB NES BOLT SCREW PIN
GCL;HEAD BOLT
FA6;SELF TAPPING SCREW
GCE;D/PLATE WHEEL BOLT
MA1;STEERING WHEEL
MAJ;AIRBAG ECU
MAA;SIDE AIRBAG
K13;ANTI-SLIDING AIRBAG
MAZ;POP-UP HOOD
MA6;DRIVER AIRBAG
MAP;SEAT BELTS
MAX;OCCUPANT DETECTION SYSTEMS
FVN;BELT
MAB;CURTAIN AIRBAG
MAL;AIRBAG SEN SATELLITE
MAD;AIR BAG INFLATOR
MAE;KNEE AIRGAB
MA8;PASSENGER AIRBAG
MAW;SEATBELT OTHER PARTS
K15;ROLL-OVER BARS
MAY;PRE-CRASH
P44;BODY & VEHICLE ASSY PANEL
MAM;MISCELLANEOUS(ECU PLASTIC COVER...)
T28;OTHER 4B
MB1;SEAT
MB7;LUMBAR & MASSAGE SYSTEM
MB4;ECU
MB2;SEAT
MB8;FOAM
MB10;HEADREST
NBB;FABRICS & VYNIL
MB6;SENSORS SPS
MB5;NAPPES
MB11;SEAT COVERS
MB3;FRAMES
MB9;PLASTICS
DD2;5C CBB
DD6;DIESEL RAIL
BT1;WASHER
BC1;LIFTER VALVE
BW1;RETAINER VALVE
BD1;VALVE INT
BH1;VALVE SEAT INT
BJ2;VALVE GUIDE EXH
BM1;ARM ROCKER
BS1;VALVE SPRING
G0X;HEAD CYLINDER
BH2;VALVE SEAT EXH
BU1;SHIM
BA1;VTC
BZ1;OTHER PARTS
BJ1;VALVE GUIDE INT
DD3;CAMSHAFT
BV1;COVER-VTC
BX1;COLLET VALVE
BD2;VALVE EXH
BQ2;BELT(NES)
BB2;TENSIONER
BN2;PULLEY WATER PUMP
BB1;CHAIN
BNT;PULLEY TIMING BELT
K24;VARIOUS AXLES AND SHAFTS
BQ1;BELT
BF1;SPROCKET
BM2;ACTR ASSY-VEL
BN1;PULLEY IDLEV
2J1;PEBBLE
BB5;BELT TIMING
BY1;AUTO-TENSIONER
BB3;GUIDE
K25;ACCESSORIES TENSIONERS
BNZ;PULLEY COVER/COLLAR/BOLT ADJ
APC;RING PISTON
AML;SIGNAL PLATE
DD5;5C CBE
K07;ENGINE TURNING
FVC;PRI PULLEY
K02;CAST CONNECTING ROD
DD4;5C CBD
ABD;SLINGER-ENG
K03;STEEL CONNECTING ROD
FVU;PRI PULLEY KEY
AMA;BRG ENGINE
ADA;BALANCER COMPL
APB;RING-SNAP PISTON
CH1;COVER EXH MANIF
A90;BALK PARTS
ABC;CAP-BRG
DD1;5C CBA
APA;PISTON W/PIN
AME;PLATE ASSY DRIVE 2PIECES
ABA;LINER CYL
ALM;PLATE ASSY BAFFLE
AMN;PLATE ENG RR
FVK;DRIVE PLATE
K1N;ENGINE FLYWHEEL
K04;SINTERED BLOCK PARTS
K1O;ASSEMBLED BALANCING SHAFT
FVD;SECD PULLEY
AMB;PULLEY ASSY CRANK W/DAMPER
AMM;CRANK SHAFT
AMF;FLYWHEEL COV.
K27;ASSEMBLED BOXES AND MAIN AXLES
FPH;CLIP - METAL CLAMP AND BUSHING
FPF;BOLT SCREW AND STUD - OTHERS
FPC;NUT - OTHERS
FPE;NUT - ISO
FPL;BOLT SCREW AND STUD - ISO
FPM;CLIP - PLASTIC
FPK;BOLT SCREW & STUD-2ND MOST CRITIC ENG+CHASSIS PTS
FPB;MISCELLANEOUS(ECU PLASTIC COVER...)
FPG;OTHERS (COLD FORMING TECHNOLOGY)
FPI;OTHERS (NON COLD FORMING TECHNOLOGY)
FPA;CLIP - METAL AND METAL+PLASTIC
FPJ;NON TRANSVERSE SA 64
FPD;WELD STUDS
FHR;SPEED MATER PINION
ALH;ORNAM ASSY ROCKER
LAP;LABELS PWT
ALC;COVER ASSY ROCKER AL
BB4;BRKT OIL PUMP CHAIN TENS
CJ1;ENGINE COVER
ALJ;PAN ASSY OIL AL
ALD;COVER ASSY ROCKER RESIN
BL1;BRKT CAM
FHB;OIL CHANNEL/GATER
ALG;COVER BELT
AXA;ENGINE PART - STAMPING
ALF;COVER ASSY FRRR
K11;OTHER FRONT COVER
K08;ALUMINIUM BRACKETS
FHS;OTHER LINE PARTS(GEAR)
ALL;PAN ASSY OIL PRESS
ALE;COVER ASSY ROCKER PRESS
BP1;BRKT
K17;FRICTION MECHANISMES AND DISC
FGN;SHIFT
FHG;GEARS AND SHAFTS
FGJ;BRKT ASSY
K63;STEEL SHEET FRONT COVER
K87;ALUMINIUM HOUSING
ABB;LADER FRAME
FHA;CAST IRON DIFFERENTIAL HOUSING
K09;BRACKETS FROM OTHER MATERIALS AND VARIOUS PARTS
GD0;CLUTCH DISK
AMD;PLATE ASSY DRIVE 1PIECE
K0B;CONTROLLED CLUTCH
K64;CONVERTOR/LOCK-UP/ENGINE LINKAGE
AMK;REINF-DRIVE PLATE
K0A;TRANSMISSION JOINTS
AMH;FLYWHEEL DMF
AMJ;RING GEAR
IBU;DRIVE SHAFT ASSY P&A
AMG;FLYWHEEL FLEX.
K28;CSC AND RELEASE BEARING
K0C;SINTERED SYNCHRONISATION PARTS
GB8;PROP SHAFT PARTS
GC0;CLUTSH COVER
G0R;BRG ROLLER
FGL;SELECTOR
G0M;BRG NEEDLE THRUST
FGV;OTHER LINE PARTS
FGR;BUSH (ROD&SHAFT)
FGO;SHIFT FORK
G1D;BRG TAPER
G1A;BRG BALL
FGP;SHIFT ROD
FHC;SEAL (ROTATION AXIS)
G0E;BRG OTHER
FGS;PIN
FGG;ROD STRIKING/LEVER ASSY-CONT
FGT;RETAINER BRG
FGQ;BEARING
FHI;BUSH (GEAR)
K0D;DIFFERENTIAL COMPONENTS
FGK;CHECK ASSY REV
G0N;BRG NEEDLE RADIAL
FHJ;SHAFT REVERSE
FHF;SW
FPV;GEAR TURNING
FGU;SPRING
FHM;SPACER
FHO;PLUG
FGB;HUB SYNCHRO
FGI;ARM-STRIKING
FHL;WASHER-THRUST
FHD;SEAL (OTHER)
FGH;LEVER STRIKING
FHN;CLUTCH PARTS
FGA;SYNCHRO
E04;TFCU
K19;ELECTRONIC/SENSORS/WIRING HARNESS
K20;GEAR BOX OR MECHANICAL COMPONENTS
GC7;SHAFT-PINION MATE
E10;T/F MOTOR
E12;T/F OTHER PARTS
GCR;FORGING ROUGH PARTS-OTHERS
GCT;OTHER SHAFT
K16;HYDRAULIC CIRCUIT/ COOLING/FILTERING
K22;DEVICE AND SUPPORTS
K21;PUMPS
FU5;OTHER OFFLINE PARTS
GC5;FLANGE-COMPANION
GCW;CASE-DIFF
K18;INTERNAL CONTROL/PARKING BRAKE
EH1;AT SHIKYU JYUTAKU PARTS
FGE;LEVER ASSY-STRIKING
FGC;HSG CONTROL
EF9;AT OTHER PARTS
EA3;AT UNIT(FF-5TH)
AMC;WASH-PULLEY
CZ1;TUBE-CONN-EXH M
LR0;EGR VALVE
CV1;OIL FILTER
CC1;METALLIC EXHAUST AND INTAKE MANIFOLD
CQ1;SELENOID VALVE
LR1;EGR COOLER
LV0;FUEL FILTER
LR2;WATER-CAC
L51;COATING
GCZ;2C OTHER
CK2;LOW PRESSURE AIR DUCT/FiLTERS
CB1;PLASTIC AIR INTAKE MANIFOLD
K74;AIES AFTERSALES SPECIFIC PARTS
CK1;HIGH PRESSURE DUCTS
L60;TURBO CHARGER
C11;OTHER PARTS
CW1;MAT-CAT SUPT
BR1;THERMOSTAT
CT1;VACUUM PUMP
ELV;SOLENOID VALVE
LH2;G-EMS OTHERS
ALA;OIL COOLER
ALN;PUMP ASSY OIL
ALR;STRAINER ASSY OIL
BG1;OUTLET WATER / HSG THERMO
K29;PLASTIC ASSY OIL STRAINER
BG2;INLET WATER
CF1;FAN-COUPLING
EOP;ELECTRIC OIL PUMP
BK1;PUMP ASS WATER
ES1;OIL FILTER
BAC;BATTERY COOLER
APD;JET ASSY OIL
HA1;HARNESS
HA4;HIGH VOLTAGE COMPONENTS
HA3;LOW VOLTAGE COMPONENTS
HA2;OTHER (COVER)
HA6;METAL PARTS GFE 91
HA5;PLASTIC PARTS GFE 91
K39;GLOW PLUG PRE HEATING ECU
LP0;GLOW PLUG
KRT;FILTRES A ESSENCE
LTH;HP TUBE
K38;ACCESSORY FOR DIESEL INJECTION
K66;DIS ECU
LS0;DIS
K32;METALICS OIL PIPES
BE1;GASKET (C/H GASKET)
ALS;CAP OIL FILLER
K65;FUEL HOSE
BG3;STEEL PIPE ETC
BE2;GSKT-ROCKER COVER
THW;WATER HOSE
BE6;OTHER GASKET
K30;TUYAUX D'HUILE CAOUTCHOUC OU PLASTIQUES
A95;NAISEI HOKAN PARTS
K01;DEPRESSION TUBE
LD1;FUEL FILTER
LD6;MPI FUEL TUBE
BE3;GSKT-FR COVER
LRT;EGR TUBE
ALB;OIL SEAL
BE4;GSKT-EXH MANIF
ALQ;GUIDE ASSY OIL LEVEL
K31;PLASTIC WATER HOLES & PIPES
ALP;GAUGE ASSY OIL LEVEL
BE5;GSKT-INT MANIF
LA4;O2 SENSOR
LA6;AIR FLOW METER
LG5;WATER TEMPERATURE SENSOR
LA9;CAM&CRANK ANGLE SENSOR
LG1;PRESSURE SENSOR
APP;ACTIVE PURGE PUMP
LE2;SPARK PLUG
LG4;OIL PRESSURE SENSOR
LA7;KNOCK SENSOR
LB1;DIG HIGH PRESSURE PUMP
LD2;PLASTIC FUEL HOSE(FOR ENGINE)
LD8;ENGINE OTHER FUEL PARTS
LD7;MPI FUEL SUB TUBE
LE3;H/T CABLE
LA1;ECU
LA8;IGNITION COIL
LG3;WATER AIR FUEL TEMP SENSOR
LA5;A/F RATIO SENSOR
LB6;HEVC xEV Supervisor
LB7;INJ RAMP GAS
LA2;THROTTLE CHAMBER
LJ1;NOX SENSOR
LTC;DIESEL INTAKE THROTTLE
LA3;FUEL INJETOR (MPI)
LB3;DIG HIGH PRESSURE FUEL INJECTOR
LJ2;SOOT SENSOR
CDF;CATALYTIC CONVERTER OF DPF
CD1;CATALYTIC CONVERTER OF DIESEL (DOC)
CDP;CATALYTIC CONVERTER OF GASOLINE
HVC;HYBRID BATTERY COMPONENTS
BTH;BATTERY TRAY HYBRID VEHICULE
L4G;HYBRID GENERATOR
DF2;X IN ONE HYBRID
L4S;E MOTOR SENSOR
MOT;E MOTOR COMPONENTS
B2M;PASSIVE COMPONENTS
L4C;E MOTOR CORE
LBP;HYBRID ON BOARD CHARGER
INV;INVERTER
L4M;E MOTOR MAGNET
DCJ;DCDC
L20;BELT STARTER GENERATOR 12V
IBY;STARTER P&A
L30;STARTER
K75;ALTERNATOR
PM4;AUTOMATIC TRANSMISSION FLUID
PM2;MANUAL TRANSMISSION FLUID, WASHING GEARBOX FLUID
PM3;EV SPECIFIC POLYMERS SEMI-PRODUCTS
PM5;POWER STEERING FLUID, GREASE FIRST FILL
PM1;GASOLINE, DIESEL, MIXED ENGINES OILS FIRST FILL
PM6;LONG STEEL PRODUCTS
PM7;SECOND MELTING ALUMINIUM INGOTS
PM8;AUTOMOTIVE MASTIC AND ADHESIVE
PM9;BASE OILS AND VARIOUS PRODUCTS
2A0;RELAY
T21;CABLE
JTB;JUNCTION BOX
S2R;HARN-CPM
DG1;EV 2Z9 HIGN VOLTAGE HARNESS
K1L;RELAYS
DH1;RELAY
MGA;HARNESS
DF7;EV 2Z6 JANCTION BOX
A92;CONN
T41;OTHER HARN
S1H;HARN
LIB;12V LITHIUM ION BATTERY
HVH;HIGH VOLTAGE COMPONENTS
LVH;LOW VOLTAGE COMPONENTS
HC9;OTHER(COVER)
PMH;METAL PARTS GFE 91
LVC;LOW VOLTAGE COMPONENTS
HM9;METAL PARTS GFE 92
LAB;12V LEAD ACID BATTERY
K76;STARTER BATTERY
HP9;PLASTIC PARTS GFE 91
B2P;BUILT TO PRINT
ELC;ELECTRONICS COMPONENTS BROKERS AND CONTRACTS-REASON CODE 9D-9E
CDM;CHASSIS DOMAIN MASTER
E26;AVM ECU
E35;SONAR ECU
4G4;FRONT RADARS
1K4;FES DISPLAYS & REAR VIDEO
E25;FRONT CAMERA
4G6;DMS AND SCENE RECORDER
FVQ;ELEC PARTS
NDF;REAR VIEW MONITOR
E20;SIDE VIEWING CAMERA
E34;CAMERA ASSY-DRIVER MONITOR
4G8;ADAS ECU
4G2;PARKING AID SYSTEM
4G5;FRONT CAMERA
E19;FRONT VIEWING CAMERA
NDD;AROUND AND REAR VIEW SYSTEM
E32;FRONT RADAR
S2W;KEY SET-CPM
E21;REAR VIEWING CAMERA
4G9;SIDE RADAR
E30;ADAS ECU
E31;CAMERA ASSY PATH CONT
4G7;BRACKET- SUPPORT
L42;COVER-IPDM A
T37;BODY ELEC
8Q8;CGW - CENTRAL GATEWAY
S23;BCM-CPM
QZ2;ETS
4G1;OTHER ELECTRIC
4E1;REMOTE KEYLESS ENTRY (RKE)
QZ1;TPMS SENSOR
E23;BRKT ELEC UNIT
2B0;USM
4F1;IMMOBI SYSTEM
2B1;USM COVER
4G3;SENSORS
4D1;BCM
8P8;DISPLY ASSY-METER
S3C;DISPLAY UNIT-HEADUP
8O8;CONT ASSY
NF5;FORK LIFT PARTS
5F1;CONT ASSY
1K0;IT SYST OTHERS : NAVIG. SERVICES (MAPS/POI/E-CALL)
8J8;DISPLAY UNIT AV
8F8;DISPLAY ASSY-AV RR
8A8;METER
S9C;METER OTHER
1K5;OTHER DISPLAYS (A2 A3)
S2T;COMBI METER-CPM
KAU;CLUSTERS
8H8;CONT ASSY-DISPLAY
2L6;DASHBOARD AND MULTIMEDIA SWITCHES
8I8;SW ASSY-AV
2L1;STEERING SWITCH
2L0;OTHER SW
2K0;PW WDW SW
2L4;SMART SWITCH
2J0;COMBI SW
E29;SEN ASSY DISTANCE
T39;OTHER 3A
XPD;E-SHIFTER
8B8;SW
S22;COMBI SW-CPM
2L2;CIGAR LIGHTER / POWER OUTLET
S9S;SW OTHER
2L3;DOOR CONNECTOR
LEA;EMBEDDED LICENSE
1E1;LOUDSPEAKER
FVH;CAM TORQ
S29;ANNTENA FEEDER-CPM
1D1;ANTENNA
E24;PUMP
1K1;MULTIMEDIA CONNECTION HUB
S2E;GRAPHIC UNIT-CPM
1K2;MICROPHONE
S2D;MULTI DISPLAY-CPM
1B1;SPEAKER
1F3;TV TUNER
1C1;SPEAKER/PREMIUM : INCL. CABASSE & BOSE
S2A;ANNTENA TV AMP-CPM
S2H;ETC ANNTENA-CPM
FVV;CAM CHIP
S2F;MULTI FUNCTION SW-CPM
SMM;METER (NMEX NON-GIP)
1R1;ROAD ACTIVE NOISE CONTROLLER
S26;AUDIO RADIO-CPM
1J0;AUDIO OTHER : 6CDC/SUPPORTS/REMOTE CONTROL/C-BOX
8G8;HMI SW
1F0;IT SYSTEM : NAVIGATION
S28;AUDIO CD-CPM
S2C;NAVIGATION GPS-CPM
1M1;INFOTAINMENT
S2B;NAVIGATION CONT-CPM
1L0;IT SYSTEMS: LICENCES
8C8;MULTI DISPLAY ASSY
1A1;AUDIO HEAD
1F2;HMI SW
FVL;SHIFT&PARKING
1L1;NAVIGATION MAP
